Workbook

Sheet MENTOR ĐÁNH GIÁ
F1: TIÊU CHÍ ĐÁNH GIÁ CỘNG TÁC VIÊN VSM
H2: Mentor đánh giá
A4: STT | B4: Họ và tên | C4: Ngày sinh | D4: Ngày vào | E4: Chức vụ | F4: Tiêu chí | G4: Thái Độ | J4: Kĩ năng | N4: Kiến thức | R4: Tổng điểm 3 tiêu chí
F5: Mô tả | G5: Đúng giờ,thực hiện đúng nội quy | H5: Cư xử đúng mực,thái độ tôn trọng | I5: Có ý chí cầu tiến,chịu được áp lực công việc cao | J5: Kỹ năng giao tiếp Kỹ năng tiếp nhận công việc Kỹ năng trình bày | K5: Kĩ năng quản lý thời gian và ưu tiên công việc một cách hiệu quả | L5: Kỹ năng chuyên môn | M5: Kỹ năng tự học,tự phát triển bản thân | N5: Kiến thức tiếng anh,tin học văn phòng | O5: Kiến thức về nghiệp vụ chuyên môn | P5: Kiến thức cốt lõi công ty(văn hóa,phòng ban,..) | R5: THÁI ĐỘ | S5: KỸ NĂNG | T5: KIẾN THỨC | U5: TỔNG ĐIỂM
A6: 1 | B6: Phạm Lê Đăng Khoa | D6: 2023 | E6: Trưởng phòng nhân sự | F6: Thang đánh giá | G6: 4 | H6: 4 | I6: 5 | J6: 5 | K6: 5 | L6: 4 | M6: 4 | N6: 4 | O6: 4 | P6: 5 | R6: =SUM(G6:I6) -> 13 | S6: =SUM(J6:M6) -> 18 | T6: =SUM(N6:P6) -> 13 | U6: =SUM(R6:T6) -> 44
A7: 2 | B7: Quách Thành Long | D7: 2023 | E7: Nhân viên | F7: Thang đánh giá | G7: 4 | H7: 4 | I7: 5 | J7: 5 | K7: 5 | L7: 3 | M7: 4 | N7: 4 | O7: 4 | P7: 5 | R7: =SUM(G7:I7) -> 13 | S7: =SUM(J7:M7) -> 17 | T7: =SUM(N7:P7) -> 13 | U7: =SUM(R7:T7) -> 43
A8: 3 | B8: Nguyễn Thái Thanh Vy | D8: 2023 | E8: Nhân viên | F8: Thang đánh giá | G8: 5 | H8: 4 | I8: 5 | J8: 5 | K8: 5 | L8: 4 | M8: 4 | N8: 4 | O8: 4 | P8: 5 | R8: =SUM(G8:I8) -> 14 | S8: =SUM(J8:M8) -> 18 | T8: =SUM(N8:P8) -> 13 | U8: =SUM(R8:T8) -> 45
A9: 4 | B9: Trịnh Nam Thuận | D9: 2023 | E9: Nhân viên | F9: Thang đánh giá | G9: 5 | H9: 4 | I9: 5 | J9: 5 | K9: 5 | L9: 5 | M9: 4 | N9: 4 | O9: 4 | P9: 5 | R9: =SUM(G9:I9) -> 14 | S9: =SUM(J9:M9) -> 19 | T9: =SUM(N9:P9) -> 13 | U9: =SUM(R9:T9) -> 46
A10: 5 | E10: Đang kiểm tra | F10: Thang đánh giá | G10: 0 | H10: 0 | I10: 0 | J10: 0 | K10: 0 | L10: 0 | M10: 0 | N10: 0 | O10: 0 | R10: =SUM(G10:I10) -> 0 | S10: =SUM(J10:M10) -> 0 | T10: =SUM(N10:P10) -> 0 | U10: =SUM(R10:T10) -> 0
A11: 6 | E11: Đang kiểm tra | F11: Thang đánh giá | G11: 0 | H11: 0 | I11: 0 | J11: 0 | K11: 0 | L11: 0 | M11: 0 | N11: 0 | O11: 0 | P11: 0 | R11: =SUM(G11:I11) -> 0 | S11: =SUM(J11:M11) -> 0 | T11: =SUM(N11:P11) -> 0 | U11: =SUM(R11:T11) -> 0
A12: 7 | E12: Đang kiểm tra | F12: Thang đánh giá | G12: 0 | H12: 0 | I12: 0 | J12: 0 | K12: 0 | L12: 0 | M12: 0 | N12: 0 | O12: 0 | P12: 0 | R12: =SUM(G12:I12) -> 0 | S12: =SUM(J12:M12) -> 0 | T12: =SUM(N12:P12) -> 0 | U12: =SUM(R12:T12) -> 0
A13: 8 | E13: Đang kiểm tra | F13: Thang đánh giá | G13: 0 | H13: 0 | I13: 0 | J13: 0 | K13: 0 | L13: 0 | M13: 0 | N13: 0 | O13: 0 | P13: 0 | R13: =SUM(G13:I13) -> 0 | S13: =SUM(J13:M13) -> 0 | T13: =SUM(N13:P13) -> 0 | U13: =SUM(R13:T13) -> 0
A14: 9 | E14: Đang kiểm tra | F14: Thang đánh giá | G14: 0 | H14: 0 | I14: 0 | J14: 0 | K14: 0 | L14: 0 | M14: 0 | N14: 0 | O14: 0 | P14: 0 | R14: =SUM(G14:I14) -> 0 | S14: =SUM(J14:M14) -> 0 | T14: =SUM(N14:P14) -> 0 | U14: =SUM(R14:T14) -> 0
A15: 10 | E15: Đang kiểm tra | F15: Thang đánh giá | G15: 0 | H15: 0 | I15: 0 | J15: 0 | K15: 0 | L15: 0 | M15: 0 | N15: 0 | O15: 0 | P15: 0 | R15: =SUM(G15:I15) -> 0 | S15: =SUM(J15:M15) -> 0 | T15: =SUM(N15:P15) -> 0 | U15: =SUM(R15:T15) -> 0
A16: 11 | E16: Đang kiểm tra | F16: Thang đánh giá | G16: 0 | H16: 0 | I16: 0 | J16: 0 | K16: 0 | L16: 0 | M16: 0 | N16: 0 | O16: 0 | P16: 0 | R16: =SUM(G16:I16) -> 0 | S16: =SUM(J16:M16) -> 0 | T16: =SUM(N16:P16) -> 0 | U16: =SUM(R16:T16) -> 0
A17: 12 | E17: Đang kiểm tra | F17: Thang đánh giá | G17: 0 | H17: 0 | I17: 0 | J17: 0 | K17: 0 | L17: 0 | M17: 0 | N17: 0 | O17: 0 | P17: 0 | R17: =SUM(G17:I17) -> 0 | S17: =SUM(J17:M17) -> 0 | T17: =SUM(N17:P17) -> 0 | U17: =SUM(R17:T17) -> 0
A18: 13 | E18: Đang kiểm tra | F18: Thang đánh giá | G18: 0 | H18: 0 | I18: 0 | J18: 0 | K18: 0 | L18: 0 | M18: 0 | N18: 0 | O18: 0 | P18: 0 | R18: =SUM(G18:I18) -> 0 | S18: =SUM(J18:M18) -> 0 | T18: =SUM(N18:P18) -> 0 | U18: =SUM(R18:T18) -> 0
A19: 14 | E19: Đang kiểm tra | F19: Thang đánh giá | G19: 0 | H19: 0 | I19: 0 | J19: 0 | K19: 0 | L19: 0 | M19: 0 | N19: 0 | O19: 0 | P19: 0 | R19: =SUM(G19:I19) -> 0 | S19: =SUM(J19:M19) -> 0 | T19: =SUM(N19:P19) -> 0 | U19: =SUM(R19:T19) -> 0
A20: 15 | E20: Đang kiểm tra | F20: Thang đánh giá | G20: 0 | H20: 0 | I20: 0 | J20: 0 | K20: 0 | L20: 0 | M20: 0 | N20: 0 | O20: 0 | P20: 0 | R20: =SUM(G20:I20) -> 0 | S20: =SUM(J20:M20) -> 0 | T20: =SUM(N20:P20) -> 0 | U20: =SUM(R20:T20) -> 0
A21: 16 | E21: Đang kiểm tra | F21: Thang đánh giá | G21: 0 | H21: 0 | I21: 0 | J21: 0 | K21: 0 | L21: 0 | M21: 0 | N21: 0 | O21: 0 | P21: 0 | R21: =SUM(G21:I21) -> 0 | S21: =SUM(J21:M21) -> 0 | T21: =SUM(N21:P21) -> 0 | U21: =SUM(R21:T21) -> 0

Sheet LEADER ĐÁNH GIÁ
F1: TIÊU CHÍ ĐÁNH GIÁ CỘNG TÁC VIÊN VSM
H2: Leader đánh giá
A4: STT | B4: Họ và tên | C4: Ngày sinh | D4: Ngày vào | E4: Chức vụ | F4: Tiêu chí | G4: Thái Độ | K4: Kĩ năng | N4: Kiến thức | R4: Tổng điểm 3 tiêu chí
F5: Mô tả | G5: Đúng giờ,thực hiện đúng nội quy | H5: Hòa nhã,tôn trọng và giúp đỡ nhóm | I5: Có ý chí cầu tiến,chịu được áp lực công việc cao | J5: Nghiêm túc với công việc và tiến độ đề ra | K5: Kỹ năng tương tác nhóm Kỹ năng lên kế hoạch | L5: Kĩ năng quản lý thời gian và ưu tiên công việc một cách hiệu quả | M5: Kỹ năng chuyên môn | N5: Kiến thức tiếng anh,tin học văn phòng | O5: Kiến thức về nghiệp vụ chuyên môn | P5: Kiến thức cốt lõi công ty(văn hóa,phòng ban,..) | R5: THÁI ĐỘ | S5: KỸ NĂNG | T5: KIẾN THỨC | U5: TỔNG ĐIỂM
A6: 1 | B6: Phạm Lê Đăng Khoa | D6: 2023 | E6: Trưởng phòng nhân sự | F6: Thang đánh giá | G6: 4 | H6: 4 | I6: 5 | J6: 5 | K6: 5 | L6: 4 | M6: 4 | N6: 4 | O6: 4 | P6: 5 | R6: =SUM(G6:I6) -> 13 | S6: =SUM(J6:M6) -> 18 | T6: =SUM(N6:P6) -> 13 | U6: =SUM(R6:T6) -> 44
A7: 2 | B7: Quách Thành Long | D7: 2023 | E7: Nhân viên | F7: Thang đánh giá | G7: 4 | H7: 4 | I7: 5 | J7: 5 | K7: 5 | L7: 3 | M7: 4 | N7: 4 | O7: 4 | P7: 5 | R7: =SUM(G7:I7) -> 13 | S7: =SUM(J7:M7) -> 17 | T7: =SUM(N7:P7) -> 13 | U7: =SUM(R7:T7) -> 43
A8: 3 | B8: Nguyễn Thái Thanh Vy | D8: 2023 | E8: Nhân viên | F8: Thang đánh giá | G8: 5 | H8: 4 | I8: 5 | J8: 5 | K8: 5 | L8: 4 | M8: 4 | N8: 4 | O8: 4 | P8: 5 | R8: =SUM(G8:I8) -> 14 | S8: =SUM(J8:M8) -> 18 | T8: =SUM(N8:P8) -> 13 | U8: =SUM(R8:T8) -> 45
A9: 4 | B9: Trịnh Nam Thuận | D9: 2023 | E9: Nhân viên | F9: Thang đánh giá | G9: 5 | H9: 4 | I9: 5 | J9: 5 | K9: 5 | L9: 5 | M9: 4 | N9: 4 | O9: 4 | P9: 5 | R9: =SUM(G9:I9) -> 14 | S9: =SUM(J9:M9) -> 19 | T9: =SUM(N9:P9) -> 13 | U9: =SUM(R9:T9) -> 46
A10: 5 | E10: Đang kiểm tra | F10: Thang đánh giá | G10: 0 | H10: 0 | I10: 0 | J10: 0 | K10: 0 | L10: 0 | M10: 0 | N10: 0 | O10: 0 | P10: 0 | R10: =SUM(G10:I10) -> 0 | S10: =SUM(J10:M10) -> 0 | T10: =SUM(N10:P10) -> 0 | U10: =SUM(R10:T10) -> 0
A11: 6 | E11: Đang kiểm tra | F11: Thang đánh giá | G11: 0 | H11: 0 | I11: 0 | J11: 0 | K11: 0 | L11: 0 | M11: 0 | N11: 0 | O11: 0 | P11: 0 | R11: =SUM(G11:I11) -> 0 | S11: =SUM(J11:M11) -> 0 | T11: =SUM(N11:P11) -> 0 | U11: =SUM(R11:T11) -> 0
A12: 7 | E12: Đang kiểm tra | F12: Thang đánh giá | G12: 0 | H12: 0 | I12: 0 | J12: 0 | K12: 0 | L12: 0 | M12: 0 | N12: 0 | O12: 0 | P12: 0 | R12: =SUM(G12:I12) -> 0 | S12: =SUM(J12:M12) -> 0 | T12: =SUM(N12:P12) -> 0 | U12: =SUM(R12:T12) -> 0
A13: 8 | E13: Đang kiểm tra | F13: Thang đánh giá | G13: 0 | H13: 0 | I13: 0 | J13: 0 | K13: 0 | L13: 0 | M13: 0 | N13: 0 | O13: 0 | P13: 0 | R13: =SUM(G13:I13) -> 0 | S13: =SUM(J13:M13) -> 0 | T13: =SUM(N13:P13) -> 0 | U13: =SUM(R13:T13) -> 0
A14: 9 | E14: Đang kiểm tra | F14: Thang đánh giá | G14: 0 | H14: 0 | I14: 0 | J14: 0 | K14: 0 | L14: 0 | M14: 0 | N14: 0 | O14: 0 | P14: 0 | R14: =SUM(G14:I14) -> 0 | S14: =SUM(J14:M14) -> 0 | T14: =SUM(N14:P14) -> 0 | U14: =SUM(R14:T14) -> 0
A15: 10 | E15: Đang kiểm tra | F15: Thang đánh giá | G15: 0 | H15: 0 | I15: 0 | J15: 0 | K15: 0 | L15: 0 | M15: 0 | N15: 0 | O15: 0 | P15: 0 | R15: =SUM(G15:I15) -> 0 | S15: =SUM(J15:M15) -> 0 | T15: =SUM(N15:P15) -> 0 | U15: =SUM(R15:T15) -> 0
A16: 11 | E16: Đang kiểm tra | F16: Thang đánh giá | G16: 0 | H16: 0 | I16: 0 | J16: 0 | K16: 0 | L16: 0 | M16: 0 | N16: 0 | O16: 0 | P16: 0 | R16: =SUM(G16:I16) -> 0 | S16: =SUM(J16:M16) -> 0 | T16: =SUM(N16:P16) -> 0 | U16: =SUM(R16:T16) -> 0
A17: 12 | E17: Đang kiểm tra | F17: Thang đánh giá | G17: 0 | H17: 0 | I17: 0 | J17: 0 | K17: 0 | L17: 0 | M17: 0 | N17: 0 | O17: 0 | P17: 0 | R17: =SUM(G17:I17) -> 0 | S17: =SUM(J17:M17) -> 0 | T17: =SUM(N17:P17) -> 0 | U17: =SUM(R17:T17) -> 0
A18: 13 | E18: Đang kiểm tra | F18: Thang đánh giá | G18: 0 | H18: 0 | I18: 0 | J18: 0 | K18: 0 | L18: 0 | M18: 0 | N18: 0 | O18: 0 | P18: 0 | R18: =SUM(G18:I18) -> 0 | S18: =SUM(J18:M18) -> 0 | T18: =SUM(N18:P18) -> 0 | U18: =SUM(R18:T18) -> 0
A19: 14 | E19: Đang kiểm tra | F19: Thang đánh giá | G19: 0 | H19: 0 | I19: 0 | J19: 0 | K19: 0 | L19: 0 | M19: 0 | N19: 0 | O19: 0 | P19: 0 | R19: =SUM(G19:I19) -> 0 | S19: =SUM(J19:M19) -> 0 | T19: =SUM(N19:P19) -> 0 | U19: =SUM(R19:T19) -> 0
A20: 15 | E20: Đang kiểm tra | F20: Thang đánh giá | G20: 0 | H20: 0 | I20: 0 | J20: 0 | K20: 0 | L20: 0 | M20: 0 | N20: 0 | O20: 0 | P20: 0 | R20: =SUM(G20:I20) -> 0 | S20: =SUM(J20:M20) -> 0 | T20: =SUM(N20:P20) -> 0 | U20: =SUM(R20:T20) -> 0
A21: 16 | E21: Đang kiểm tra | F21: Thang đánh giá | G21: 0 | H21: 0 | I21: 0 | J21: 0 | K21: 0 | L21: 0 | M21: 0 | N21: 0 | O21: 0 | P21: 0 | R21: =SUM(G21:I21) -> 0 | S21: =SUM(J21:M21) -> 0 | T21: =SUM(N21:P21) -> 0 | U21: =SUM(R21:T21) -> 0

Sheet BẢN THÂN ĐÁNH GIÁ
F1: TIÊU CHÍ ĐÁNH GIÁ CỘNG TÁC VIÊN VSM
H2: Bản thân đánh giá
A4: STT | B4: Họ và tên | C4: Ngày sinh | D4: Ngày vào | E4: Chức vụ | F4: Tiêu chí | G4: Thái Độ | K4: Kĩ năng | N4: Kiến thức | R4: Tổng điểm 3 tiêu chí
F5: Mô tả | G5: Đúng giờ,thực hiện đúng nội quy định công ty và nhóm | H5: Lịch sự,tôn trọng và sẵn sàng giúp đỡ mọi người | I5: Có ý chí cầu tiến,chịu được áp lực công việc cao | J5: Mong muốn phát triển bản thân và góp phần xây dựng team | K5: Kĩ năng quản lý thời gian và ưu tiên công việc hiệu quả | L5: Kỹ năng chuyên môn | M5: Kỹ năng tự học,tự phát triển bản thân | N5: Kiến thức tiếng anh,tin học văn phòng | O5: Kiến thức về nghiệp vụ chuyên môn | P5: Kiến thức cốt lõi công ty(văn hóa,phòng ban,..) | R5: THÁI ĐỘ | S5: KỸ NĂNG | T5: KIẾN THỨC | U5: TỔNG ĐIỂM
A6: 1 | B6: Phạm Lê Đăng Khoa | D6: 2023 | E6: Trưởng phòng nhân sự | F6: Thang đánh giá | G6: 4 | H6: 4 | I6: 5 | J6: 5 | K6: 5 | L6: 4 | M6: 4 | N6: 4 | O6: 4 | P6: 5 | R6: =SUM(G6:I6) -> 13 | S6: =SUM(J6:M6) -> 18 | T6: =SUM(N6:P6) -> 13 | U6: =SUM(R6:T6) -> 44
A7: 2 | B7: Quách Thành Long | D7: 2023 | E7: Nhân viên | F7: Thang đánh giá | G7: 4 | H7: 4 | I7: 5 | J7: 5 | K7: 5 | L7: 3 | M7: 4 | N7: 4 | O7: 4 | P7: 5 | R7: =SUM(G7:I7) -> 13 | S7: =SUM(J7:M7) -> 17 | T7: =SUM(N7:P7) -> 13 | U7: =SUM(R7:T7) -> 43
A8: 3 | B8: Nguyễn Thái Thanh Vy | D8: 2023 | E8: Nhân viên | F8: Thang đánh giá | G8: 5 | H8: 4 | I8: 5 | J8: 5 | K8: 5 | L8: 4 | M8: 4 | N8: 4 | O8: 4 | P8: 5 | R8: =SUM(G8:I8) -> 14 | S8: =SUM(J8:M8) -> 18 | T8: =SUM(N8:P8) -> 13 | U8: =SUM(R8:T8) -> 45
A9: 4 | B9: Trịnh Nam Thuận | D9: 2023 | E9: Nhân viên | F9: Thang đánh giá | G9: 5 | H9: 4 | I9: 5 | J9: 5 | K9: 5 | L9: 5 | M9: 4 | N9: 4 | O9: 4 | P9: 5 | R9: =SUM(G9:I9) -> 14 | S9: =SUM(J9:M9) -> 19 | T9: =SUM(N9:P9) -> 13 | U9: =SUM(R9:T9) -> 46
A10: 5 | E10: Đang kiểm tra | F10: Thang đánh giá | G10: 0 | H10: 0 | I10: 0 | J10: 0 | K10: 0 | L10: 0 | M10: 0 | N10: 0 | O10: 0 | P10: 0 | R10: =SUM(G10:I10) -> 0 | S10: =SUM(J10:M10) -> 0 | T10: =SUM(N10:P10) -> 0 | U10: =SUM(R10:T10) -> 0
A11: 6 | E11: Đang kiểm tra | F11: Thang đánh giá | G11: 0 | H11: 0 | I11: 0 | J11: 0 | K11: 0 | L11: 0 | M11: 0 | N11: 0 | O11: 0 | P11: 0 | R11: =SUM(G11:I11) -> 0 | S11: =SUM(J11:M11) -> 0 | T11: =SUM(N11:P11) -> 0 | U11: =SUM(R11:T11) -> 0
A12: 7 | E12: Đang kiểm tra | F12: Thang đánh giá | G12: 0 | H12: 0 | I12: 0 | J12: 0 | K12: 0 | L12: 0 | M12: 0 | N12: 0 | O12: 0 | P12: 0 | R12: =SUM(G12:I12) -> 0 | S12: =SUM(J12:M12) -> 0 | T12: =SUM(N12:P12) -> 0 | U12: =SUM(R12:T12) -> 0
A13: 8 | E13: Đang kiểm tra | F13: Thang đánh giá | G13: 0 | H13: 0 | I13: 0 | J13: 0 | K13: 0 | L13: 0 | M13: 0 | N13: 0 | O13: 0 | P13: 0 | R13: =SUM(G13:I13) -> 0 | S13: =SUM(J13:M13) -> 0 | T13: =SUM(N13:P13) -> 0 | U13: =SUM(R13:T13) -> 0
A14: 9 | E14: Đang kiểm tra | F14: Thang đánh giá | G14: 0 | H14: 0 | I14: 0 | J14: 0 | K14: 0 | L14: 0 | M14: 0 | N14: 0 | O14: 0 | P14: 0 | R14: =SUM(G14:I14) -> 0 | S14: =SUM(J14:M14) -> 0 | T14: =SUM(N14:P14) -> 0 | U14: =SUM(R14:T14) -> 0
A15: 10 | E15: Đang kiểm tra | F15: Thang đánh giá | G15: 0 | H15: 0 | I15: 0 | J15: 0 | K15: 0 | L15: 0 | M15: 0 | N15: 0 | O15: 0 | P15: 0 | R15: =SUM(G15:I15) -> 0 | S15: =SUM(J15:M15) -> 0 | T15: =SUM(N15:P15) -> 0 | U15: =SUM(R15:T15) -> 0
A16: 11 | E16: Đang kiểm tra | F16: Thang đánh giá | G16: 0 | H16: 0 | I16: 0 | J16: 0 | K16: 0 | L16: 0 | M16: 0 | N16: 0 | O16: 0 | P16: 0 | R16: =SUM(G16:I16) -> 0 | S16: =SUM(J16:M16) -> 0 | T16: =SUM(N16:P16) -> 0 | U16: =SUM(R16:T16) -> 0
A17: 12 | E17: Đang kiểm tra | F17: Thang đánh giá | G17: 0 | H17: 0 | I17: 0 | J17: 0 | K17: 0 | L17: 0 | M17: 0 | N17: 0 | O17: 0 | P17: 0 | R17: =SUM(G17:I17) -> 0 | S17: =SUM(J17:M17) -> 0 | T17: =SUM(N17:P17) -> 0 | U17: =SUM(R17:T17) -> 0
A18: 13 | E18: Đang kiểm tra | F18: Thang đánh giá | G18: 0 | H18: 0 | I18: 0 | J18: 0 | K18: 0 | L18: 0 | M18: 0 | N18: 0 | O18: 0 | P18: 0 | R18: =SUM(G18:I18) -> 0 | S18: =SUM(J18:M18) -> 0 | T18: =SUM(N18:P18) -> 0 | U18: =SUM(R18:T18) -> 0
A19: 14 | E19: Đang kiểm tra | F19: Thang đánh giá | G19: 0 | H19: 0 | I19: 0 | J19: 0 | K19: 0 | L19: 0 | M19: 0 | N19: 0 | O19: 0 | P19: 0 | R19: =SUM(G19:I19) -> 0 | S19: =SUM(J19:M19) -> 0 | T19: =SUM(N19:P19) -> 0 | U19: =SUM(R19:T19) -> 0
A20: 15 | E20: Đang kiểm tra | F20: Thang đánh giá | G20: 0 | H20: 0 | I20: 0 | J20: 0 | K20: 0 | L20: 0 | M20: 0 | N20: 0 | O20: 0 | P20: 0 | R20: =SUM(G20:I20) -> 0 | S20: =SUM(J20:M20) -> 0 | T20: =SUM(N20:P20) -> 0 | U20: =SUM(R20:T20) -> 0
A21: 16 | E21: Đang kiểm tra | F21: Thang đánh giá | G21: 0 | H21: 0 | I21: 0 | J21: 0 | K21: 0 | L21: 0 | M21: 0 | N21: 0 | O21: 0 | P21: 0 | R21: =SUM(G21:I21) -> 0 | S21: =SUM(J21:M21) -> 0 | T21: =SUM(N21:P21) -> 0 | U21: =SUM(R21:T21) -> 0

Sheet ĐỒNG NGHIỆP ĐÁNH GIÁ
F1: TIÊU CHÍ ĐÁNH GIÁ CỘNG TÁC VIÊN VSM
H2: Đồng nghiệp đánh giá
A4: STT | B4: Họ và tên | C4: Ngày sinh | D4: Ngày vào | E4: Chức vụ | F4: Tiêu chí | G4: Thái Độ | J4: Kĩ năng | N4: Kiến thức | R4: Tổng điểm 3 tiêu chí
F5: Mô tả | G5: Đúng giờ,thực hiện đúng nội quy | H5: Hòa nhã,tôn trọng và giúp đỡ nhóm | I5: Có ý chí cầu tiến,chịu được áp lực công việc cao | J5: Kỹ năng tương tác nhóm Kỹ năng lên kế hoạch | K5: Kĩ năng quản lý thời gian và ưu tiên công việc hiệu quả | L5: Kỹ năng chuyên môn | M5: Kỹ năng tự học,tự phát triển bản thân | N5: Kiến thức tiếng anh,tin học văn phòng | O5: Kiến thức về nghiệp vụ chuyên môn | P5: Kiến thức cốt lõi công ty(văn hóa,phòng ban,..) | R5: THÁI ĐỘ | S5: KỸ NĂNG | T5: KIẾN THỨC | U5: TỔNG ĐIỂM
A6: 1 | B6: Phạm Lê Đăng Khoa | D6: 2023 | E6: Trưởng phòng nhân sự | F6: Thang đánh giá | G6: 4 | H6: 4 | I6: 5 | J6: 5 | K6: 5 | L6: 4 | M6: 4 | N6: 4 | O6: 4 | P6: 5 | R6: =SUM(G6:I6) -> 13 | S6: =SUM(J6:M6) -> 18 | T6: =SUM(N6:P6) -> 13 | U6: =SUM(R6:T6) -> 44
A7: 2 | B7: Quách Thành Long | D7: 2023 | E7: Nhân viên | F7: Thang đánh giá | G7: 4 | H7: 4 | I7: 5 | J7: 5 | K7: 5 | L7: 3 | M7: 4 | N7: 4 | O7: 4 | P7: 5 | R7: =SUM(G7:I7) -> 13 | S7: =SUM(J7:M7) -> 17 | T7: =SUM(N7:P7) -> 13 | U7: =SUM(R7:T7) -> 43
A8: 3 | B8: Nguyễn Thái Thanh Vy | D8: 2023 | E8: Nhân viên | F8: Thang đánh giá | G8: 5 | H8: 4 | I8: 5 | J8: 5 | K8: 5 | L8: 4 | M8: 4 | N8: 4 | O8: 4 | P8: 5 | R8: =SUM(G8:I8) -> 14 | S8: =SUM(J8:M8) -> 18 | T8: =SUM(N8:P8) -> 13 | U8: =SUM(R8:T8) -> 45
A9: 4 | B9: Trịnh Nam Thuận | D9: 2023 | E9: Nhân viên | F9: Thang đánh giá | G9: 5 | H9: 4 | I9: 5 | J9: 5 | K9: 5 | L9: 5 | M9: 4 | N9: 4 | O9: 4 | P9: 5 | R9: =SUM(G9:I9) -> 14 | S9: =SUM(J9:M9) -> 19 | T9: =SUM(N9:P9) -> 13 | U9: =SUM(R9:T9) -> 46
A10: 5 | E10: Đang kiểm tra | F10: Thang đánh giá | G10: 0 | H10: 0 | I10: 0 | J10: 0 | K10: 0 | L10: 0 | M10: 0 | N10: 0 | O10: 0 | P10: 0 | R10: =SUM(G10:I10) -> 0 | S10: =SUM(J10:M10) -> 0 | T10: =SUM(N10:P10) -> 0 | U10: =SUM(R10:T10) -> 0
A11: 6 | E11: Đang kiểm tra | F11: Thang đánh giá | G11: 0 | H11: 0 | I11: 0 | J11: 0 | K11: 0 | L11: 0 | M11: 0 | N11: 0 | O11: 0 | P11: 0 | R11: =SUM(G11:I11) -> 0 | S11: =SUM(J11:M11) -> 0 | T11: =SUM(N11:P11) -> 0 | U11: =SUM(R11:T11) -> 0
A12: 7 | E12: Đang kiểm tra | F12: Thang đánh giá | G12: 0 | H12: 0 | I12: 0 | J12: 0 | K12: 0 | L12: 0 | M12: 0 | N12: 0 | O12: 0 | P12: 0 | R12: =SUM(G12:I12) -> 0 | S12: =SUM(J12:M12) -> 0 | T12: =SUM(N12:P12) -> 0 | U12: =SUM(R12:T12) -> 0
A13: 8 | E13: Đang kiểm tra | F13: Thang đánh giá | G13: 0 | H13: 0 | I13: 0 | J13: 0 | K13: 0 | L13: 0 | M13: 0 | N13: 0 | O13: 0 | P13: 0 | R13: =SUM(G13:I13) -> 0 | S13: =SUM(J13:M13) -> 0 | T13: =SUM(N13:P13) -> 0 | U13: =SUM(R13:T13) -> 0
A14: 9 | E14: Đang kiểm tra | F14: Thang đánh giá | G14: 0 | H14: 0 | I14: 0 | J14: 0 | K14: 0 | L14: 0 | M14: 0 | N14: 0 | O14: 0 | P14: 0 | R14: =SUM(G14:I14) -> 0 | S14: =SUM(J14:M14) -> 0 | T14: =SUM(N14:P14) -> 0 | U14: =SUM(R14:T14) -> 0
A15: 10 | E15: Đang kiểm tra | F15: Thang đánh giá | G15: 0 | H15: 0 | I15: 0 | J15: 0 | K15: 0 | L15: 0 | M15: 0 | N15: 0 | O15: 0 | P15: 0 | R15: =SUM(G15:I15) -> 0 | S15: =SUM(J15:M15) -> 0 | T15: =SUM(N15:P15) -> 0 | U15: =SUM(R15:T15) -> 0
A16: 11 | E16: Đang kiểm tra | F16: Thang đánh giá | G16: 0 | H16: 0 | I16: 0 | J16: 0 | K16: 0 | L16: 0 | M16: 0 | N16: 0 | O16: 0 | P16: 0 | R16: =SUM(G16:I16) -> 0 | S16: =SUM(J16:M16) -> 0 | T16: =SUM(N16:P16) -> 0 | U16: =SUM(R16:T16) -> 0
A17: 12 | E17: Đang kiểm tra | F17: Thang đánh giá | G17: 0 | H17: 0 | I17: 0 | J17: 0 | K17: 0 | L17: 0 | M17: 0 | N17: 0 | O17: 0 | P17: 0 | R17: =SUM(G17:I17) -> 0 | S17: =SUM(J17:M17) -> 0 | T17: =SUM(N17:P17) -> 0 | U17: =SUM(R17:T17) -> 0
A18: 13 | E18: Đang kiểm tra | F18: Thang đánh giá | G18: 0 | H18: 0 | I18: 0 | J18: 0 | K18: 0 | L18: 0 | M18: 0 | N18: 0 | O18: 0 | P18: 0 | R18: =SUM(G18:I18) -> 0 | S18: =SUM(J18:M18) -> 0 | T18: =SUM(N18:P18) -> 0 | U18: =SUM(R18:T18) -> 0
A19: 14 | E19: Đang kiểm tra | F19: Thang đánh giá | G19: 0 | H19: 0 | I19: 0 | J19: 0 | K19: 0 | L19: 0 | M19: 0 | N19: 0 | O19: 0 | P19: 0 | R19: =SUM(G19:I19) -> 0 | S19: =SUM(J19:M19) -> 0 | T19: =SUM(N19:P19) -> 0 | U19: =SUM(R19:T19) -> 0
A20: 15 | E20: Đang kiểm tra | F20: Thang đánh giá | G20: 0 | H20: 0 | I20: 0 | J20: 0 | K20: 0 | L20: 0 | M20: 0 | N20: 0 | O20: 0 | P20: 0 | R20: =SUM(G20:I20) -> 0 | S20: =SUM(J20:M20) -> 0 | T20: =SUM(N20:P20) -> 0 | U20: =SUM(R20:T20) -> 0
A21: 16 | E21: Đang kiểm tra | F21: Thang đánh giá | G21: 0 | H21: 0 | I21: 0 | J21: 0 | K21: 0 | L21: 0 | M21: 0 | N21: 0 | O21: 0 | P21: 0 | R21: =SUM(G21:I21) -> 0 | S21: =SUM(J21:M21) -> 0 | T21: =SUM(N21:P21) -> 0 | U21: =SUM(R21:T21) -> 0

Sheet DOANH NGHIỆP ĐÁNH GIÁ
F1: TIÊU CHÍ ĐÁNH GIÁ CỘNG TÁC VIÊN VSM
H2: Doanh nghiệp đánh giá
A4: STT | B4: Họ và tên | C4: Ngày sinh | D4: Ngày vào | E4: Chức vụ | F4: Tiêu chí | G4: Thái Độ | J4: Kĩ năng | N4: Kiến thức | R4: Tổng điểm 3 tiêu chí
F5: Mô tả | G5: Chấp hành đúng nội quy và yêu cầu văn hóa văn phòng | H5: Cư xử đúng mực,thái độ tôn trọng | I5: Có ý chí cầu tiến,chịu được áp lực công việc cao | J5: Kỹ năng giao tiếp Kỹ năng tiếp nhận công việc Kỹ năng trình bày | K5: Kĩ năng quản lý thời gian và ưu tiên công việc một cách hiệu quả | L5: Kỹ năng chuyên môn | M5: Kỹ năng tự học,tự phát triển bản thân | N5: Kiến thức tiếng anh,tin học văn phòng | O5: Kiến thức về nghiệp vụ chuyên môn | P5: Kiến thức cốt lõi công ty(văn hóa,phòng ban,..) | R5: THÁI ĐỘ | S5: KỸ NĂNG | T5: KIẾN THỨC | U5: TỔNG ĐIỂM
A6: 1 | B6: Phạm Lê Đăng Khoa | D6: 2023 | E6: Trưởng phòng nhân sự | F6: Thang đánh giá | G6: 4 | H6: 4 | I6: 5 | J6: 5 | K6: 5 | L6: 4 | M6: 4 | N6: 4 | O6: 4 | P6: 5 | R6: =SUM(G6:I6) -> 13 | S6: =SUM(J6:M6) -> 18 | T6: =SUM(N6:P6) -> 13 | U6: =SUM(R6:T6) -> 44
A7: 2 | B7: Quách Thành Long | D7: 2023 | E7: Nhân viên | F7: Thang đánh giá | G7: 4 | H7: 4 | I7: 5 | J7: 5 | K7: 5 | L7: 3 | M7: 4 | N7: 4 | O7: 4 | P7: 5 | R7: =SUM(G7:I7) -> 13 | S7: =SUM(J7:M7) -> 17 | T7: =SUM(N7:P7) -> 13 | U7: =SUM(R7:T7) -> 43
A8: 3 | B8: Nguyễn Thái Thanh Vy | D8: 2023 | E8: Nhân viên | F8: Thang đánh giá | G8: 5 | H8: 4 | I8: 5 | J8: 5 | K8: 5 | L8: 4 | M8: 4 | N8: 4 | O8: 4 | P8: 5 | R8: =SUM(G8:I8) -> 14 | S8: =SUM(J8:M8) -> 18 | T8: =SUM(N8:P8) -> 13 | U8: =SUM(R8:T8) -> 45
A9: 4 | B9: Trịnh Nam Thuận | D9: 2023 | E9: Nhân viên | F9: Thang đánh giá | G9: 5 | H9: 4 | I9: 5 | J9: 5 | K9: 5 | L9: 5 | M9: 4 | N9: 4 | O9: 4 | P9: 5 | R9: =SUM(G9:I9) -> 14 | S9: =SUM(J9:M9) -> 19 | T9: =SUM(N9:P9) -> 13 | U9: =SUM(R9:T9) -> 46
A10: 5 | E10: Đang kiểm tra | F10: Thang đánh giá | G10: 0 | H10: 0 | I10: 0 | J10: 0 | K10: 0 | L10: 0 | M10: 0 | N10: 0 | O10: 0 | P10: 0 | R10: =SUM(G10:I10) -> 0 | S10: =SUM(J10:M10) -> 0 | T10: =SUM(N10:P10) -> 0 | U10: =SUM(R10:T10) -> 0
A11: 6 | E11: Đang kiểm tra | F11: Thang đánh giá | G11: 0 | H11: 0 | I11: 0 | J11: 0 | K11: 0 | L11: 0 | M11: 0 | N11: 0 | O11: 0 | P11: 0 | R11: =SUM(G11:I11) -> 0 | S11: =SUM(J11:M11) -> 0 | T11: =SUM(N11:P11) -> 0 | U11: =SUM(R11:T11) -> 0
A12: 7 | E12: Đang kiểm tra | F12: Thang đánh giá | G12: 0 | H12: 0 | I12: 0 | J12: 0 | K12: 0 | L12: 0 | M12: 0 | N12: 0 | O12: 0 | P12: 0 | R12: =SUM(G12:I12) -> 0 | S12: =SUM(J12:M12) -> 0 | T12: =SUM(N12:P12) -> 0 | U12: =SUM(R12:T12) -> 0
A13: 8 | E13: Đang kiểm tra | F13: Thang đánh giá | G13: 0 | H13: 0 | I13: 0 | J13: 0 | K13: 0 | L13: 0 | M13: 0 | N13: 0 | O13: 0 | P13: 0 | R13: =SUM(G13:I13) -> 0 | S13: =SUM(J13:M13) -> 0 | T13: =SUM(N13:P13) -> 0 | U13: =SUM(R13:T13) -> 0
A14: 9 | E14: Đang kiểm tra | F14: Thang đánh giá | G14: 0 | H14: 0 | I14: 0 | J14: 0 | K14: 0 | L14: 0 | M14: 0 | N14: 0 | O14: 0 | P14: 0 | R14: =SUM(G14:I14) -> 0 | S14: =SUM(J14:M14) -> 0 | T14: =SUM(N14:P14) -> 0 | U14: =SUM(R14:T14) -> 0
A15: 10 | E15: Đang kiểm tra | F15: Thang đánh giá | G15: 0 | H15: 0 | I15: 0 | J15: 0 | K15: 0 | L15: 0 | M15: 0 | N15: 0 | O15: 0 | P15: 0 | R15: =SUM(G15:I15) -> 0 | S15: =SUM(J15:M15) -> 0 | T15: =SUM(N15:P15) -> 0 | U15: =SUM(R15:T15) -> 0
A16: 11 | E16: Đang kiểm tra | F16: Thang đánh giá | G16: 0 | H16: 0 | I16: 0 | J16: 0 | K16: 0 | L16: 0 | M16: 0 | N16: 0 | O16: 0 | P16: 0 | R16: =SUM(G16:I16) -> 0 | S16: =SUM(J16:M16) -> 0 | T16: =SUM(N16:P16) -> 0 | U16: =SUM(R16:T16) -> 0
A17: 12 | E17: Đang kiểm tra | F17: Thang đánh giá | G17: 0 | H17: 0 | I17: 0 | J17: 0 | K17: 0 | L17: 0 | M17: 0 | N17: 0 | O17: 0 | P17: 0 | R17: =SUM(G17:I17) -> 0 | S17: =SUM(J17:M17) -> 0 | T17: =SUM(N17:P17) -> 0 | U17: =SUM(R17:T17) -> 0
A18: 13 | E18: Đang kiểm tra | F18: Thang đánh giá | G18: 0 | H18: 0 | I18: 0 | J18: 0 | K18: 0 | L18: 0 | M18: 0 | N18: 0 | O18: 0 | P18: 0 | R18: =SUM(G18:I18) -> 0 | S18: =SUM(J18:M18) -> 0 | T18: =SUM(N18:P18) -> 0 | U18: =SUM(R18:T18) -> 0
A19: 14 | E19: Đang kiểm tra | F19: Thang đánh giá | G19: 0 | H19: 0 | I19: 0 | J19: 0 | K19: 0 | L19: 0 | M19: 0 | N19: 0 | O19: 0 | P19: 0 | R19: =SUM(G19:I19) -> 0 | S19: =SUM(J19:M19) -> 0 | T19: =SUM(N19:P19) -> 0 | U19: =SUM(R19:T19) -> 0
A20: 15 | E20: Đang kiểm tra | F20: Thang đánh giá | G20: 0 | H20: 0 | I20: 0 | J20: 0 | K20: 0 | L20: 0 | M20: 0 | N20: 0 | O20: 0 | P20: 0 | R20: =SUM(G20:I20) -> 0 | S20: =SUM(J20:M20) -> 0 | T20: =SUM(N20:P20) -> 0 | U20: =SUM(R20:T20) -> 0
A21: 16 | E21: Đang kiểm tra | F21: Thang đánh giá | G21: 0 | H21: 0 | I21: 0 | J21: 0 | K21: 0 | L21: 0 | M21: 0 | N21: 0 | O21: 0 | P21: 0 | R21: =SUM(G21:I21) -> 0 | S21: =SUM(J21:M21) -> 0 | T21: =SUM(N21:P21) -> 0 | U21: =SUM(R21:T21) -> 0

Sheet TÍNH ĐIỂM TỔNG ĐIỂM
A1: TÍNH TỔNG ĐIỂM VÀ QUY ĐỔI PHẦN TRĂM
A3: STT | B3: Họ và tên | C3: Chức vụ | D3: Thời gian làm việc(ngày) | E3: Tổng điểm số | F3: Điểm phần trăm | G3: Kết quả
A4: 1 | B4: Phạm Lê Đăng Khoa | C4: Trưởng phòng nhân sự | D4: =DATEDIF('MENTOR ĐÁNH GIÁ'!D6, TODAY() , "d") -> 43956 | E4: =('MENTOR ĐÁNH GIÁ'!U6+'LEADER ĐÁNH GIÁ'!U6+'ĐỒNG NGHIỆP ĐÁNH GIÁ'!U6+'BẢN THÂN ĐÁNH GIÁ'!U6+'DOANH NGHIỆP ĐÁNH GIÁ'!U6) -> 220 | F4: =(E4/250)*100 -> 88 | G4: =IF(F4 >= 90,"Xuất xắc",IF(F4 >= 70,"Khá",IF(F4 >= 50,"Kém",IF(F4 < 50,"Rớt")))) -> Khá
A5: 2 | B5: Quách Thành Long | C5: Nhân viên | D5: =DATEDIF('MENTOR ĐÁNH GIÁ'!D7, TODAY() , "d") -> 43956 | E5: =('MENTOR ĐÁNH GIÁ'!U7+'LEADER ĐÁNH GIÁ'!U7+'ĐỒNG NGHIỆP ĐÁNH GIÁ'!U7+'BẢN THÂN ĐÁNH GIÁ'!U7+'DOANH NGHIỆP ĐÁNH GIÁ'!U7) -> 215 | F5: =(E5/250)*100 -> 86 | G5: =IF(F5 >= 90,"Xuất xắc",IF(F5 >= 70,"Khá",IF(F5 >= 50,"Kém",IF(F5 < 50,"Rớt")))) -> Khá
A6: 3 | B6: Nguyễn Thái Thanh Vy | C6: Nhân viên | D6: =DATEDIF('MENTOR ĐÁNH GIÁ'!D8, TODAY() , "d") -> 43956 | E6: =('MENTOR ĐÁNH GIÁ'!U8+'LEADER ĐÁNH GIÁ'!U8+'ĐỒNG NGHIỆP ĐÁNH GIÁ'!U8+'BẢN THÂN ĐÁNH GIÁ'!U8+'DOANH NGHIỆP ĐÁNH GIÁ'!U8) -> 225 | F6: =(E6/250)*100 -> 90 | G6: =IF(F6 >= 90,"Xuất xắc",IF(F6 >= 70,"Khá",IF(F6 >= 50,"Kém",IF(F6 < 50,"Rớt")))) -> Xuất xắc
A7: 4 | B7: Trịnh Nam Thuận | C7: Nhân viên | D7: =DATEDIF('MENTOR ĐÁNH GIÁ'!D9, TODAY() , "d") -> 43956 | E7: =('MENTOR ĐÁNH GIÁ'!U9+'LEADER ĐÁNH GIÁ'!U9+'ĐỒNG NGHIỆP ĐÁNH GIÁ'!U9+'BẢN THÂN ĐÁNH GIÁ'!U9+'DOANH NGHIỆP ĐÁNH GIÁ'!U9) -> 230 | F7: =(E7/250)*100 -> 92 | G7: =IF(F7 >= 90,"Xuất xắc",IF(F7 >= 70,"Khá",IF(F7 >= 50,"Kém",IF(F7 < 50,"Rớt")))) -> Xuất xắc
A8: 5 | C8: Đang kiểm tra | E8: =('MENTOR ĐÁNH GIÁ'!U10+'LEADER ĐÁNH GIÁ'!U10+'ĐỒNG NGHIỆP ĐÁNH GIÁ'!U10+'BẢN THÂN ĐÁNH GIÁ'!U10+'DOANH NGHIỆP ĐÁNH GIÁ'!U10) -> 0 | F8: =(E8/250)*100 -> 0
A9: 6 | C9: Đang kiểm tra | E9: =('MENTOR ĐÁNH GIÁ'!U11+'LEADER ĐÁNH GIÁ'!U11+'ĐỒNG NGHIỆP ĐÁNH GIÁ'!U11+'BẢN THÂN ĐÁNH GIÁ'!U11+'DOANH NGHIỆP ĐÁNH GIÁ'!U11) -> 0 | F9: =(E9/250)*100 -> 0
A10: 7 | C10: Đang kiểm tra | E10: =('MENTOR ĐÁNH GIÁ'!U12+'LEADER ĐÁNH GIÁ'!U12+'ĐỒNG NGHIỆP ĐÁNH GIÁ'!U12+'BẢN THÂN ĐÁNH GIÁ'!U12+'DOANH NGHIỆP ĐÁNH GIÁ'!U12) -> 0 | F10: =(E10/250)*100 -> 0
A11: 8 | C11: Đang kiểm tra | E11: =('MENTOR ĐÁNH GIÁ'!U13+'LEADER ĐÁNH GIÁ'!U13+'ĐỒNG NGHIỆP ĐÁNH GIÁ'!U13+'BẢN THÂN ĐÁNH GIÁ'!U13+'DOANH NGHIỆP ĐÁNH GIÁ'!U13) -> 0 | F11: =(E11/250)*100 -> 0
A12: 9 | C12: Đang kiểm tra | E12: =('MENTOR ĐÁNH GIÁ'!U14+'LEADER ĐÁNH GIÁ'!U14+'ĐỒNG NGHIỆP ĐÁNH GIÁ'!U14+'BẢN THÂN ĐÁNH GIÁ'!U14+'DOANH NGHIỆP ĐÁNH GIÁ'!U14) -> 0 | F12: =(E12/250)*100 -> 0
A13: 10 | C13: Đang kiểm tra | E13: =('MENTOR ĐÁNH GIÁ'!U15+'LEADER ĐÁNH GIÁ'!U15+'ĐỒNG NGHIỆP ĐÁNH GIÁ'!U15+'BẢN THÂN ĐÁNH GIÁ'!U15+'DOANH NGHIỆP ĐÁNH GIÁ'!U15) -> 0 | F13: =(E13/250)*100 -> 0
A14: 11 | C14: Đang kiểm tra | E14: =('MENTOR ĐÁNH GIÁ'!U16+'LEADER ĐÁNH GIÁ'!U16+'ĐỒNG NGHIỆP ĐÁNH GIÁ'!U16+'BẢN THÂN ĐÁNH GIÁ'!U16+'DOANH NGHIỆP ĐÁNH GIÁ'!U16) -> 0 | F14: =(E14/250)*100 -> 0
A15: 12 | C15: Đang kiểm tra | E15: =('MENTOR ĐÁNH GIÁ'!U17+'LEADER ĐÁNH GIÁ'!U17+'ĐỒNG NGHIỆP ĐÁNH GIÁ'!U17+'BẢN THÂN ĐÁNH GIÁ'!U17+'DOANH NGHIỆP ĐÁNH GIÁ'!U17) -> 0 | F15: =(E15/250)*100 -> 0
A16: 13 | C16: Đang kiểm tra | E16: =('MENTOR ĐÁNH GIÁ'!U18+'LEADER ĐÁNH GIÁ'!U18+'ĐỒNG NGHIỆP ĐÁNH GIÁ'!U18+'BẢN THÂN ĐÁNH GIÁ'!U18+'DOANH NGHIỆP ĐÁNH GIÁ'!U18) -> 0 | F16: =(E16/250)*100 -> 0
A17: 14 | C17: Đang kiểm tra | E17: =('MENTOR ĐÁNH GIÁ'!U19+'LEADER ĐÁNH GIÁ'!U19+'ĐỒNG NGHIỆP ĐÁNH GIÁ'!U19+'BẢN THÂN ĐÁNH GIÁ'!U19+'DOANH NGHIỆP ĐÁNH GIÁ'!U19) -> 0 | F17: =(E17/250)*100 -> 0
A18: 15 | C18: Đang kiểm tra | E18: =('MENTOR ĐÁNH GIÁ'!U20+'LEADER ĐÁNH GIÁ'!U20+'ĐỒNG NGHIỆP ĐÁNH GIÁ'!U20+'BẢN THÂN ĐÁNH GIÁ'!U20+'DOANH NGHIỆP ĐÁNH GIÁ'!U20) -> 0 | F18: =(E18/250)*100 -> 0
A19: 16 | C19: Đang kiểm tra | E19: =('MENTOR ĐÁNH GIÁ'!U21+'LEADER ĐÁNH GIÁ'!U21+'ĐỒNG NGHIỆP ĐÁNH GIÁ'!U21+'BẢN THÂN ĐÁNH GIÁ'!U21+'DOANH NGHIỆP ĐÁNH GIÁ'!U21) -> 0 | F19: =(E19/250)*100 -> 0
... A21: 18 | C21: Đang kiểm tra | E21: =('MENTOR ĐÁNH GIÁ'!U23+'LEADER ĐÁNH GIÁ'!U23+'ĐỒNG NGHIỆP ĐÁNH GIÁ'!U23+'BẢN THÂN ĐÁNH GIÁ'!U23+'DOANH NGHIỆP ĐÁNH GIÁ'!U23) -> 0 | F21: =(E21/250)*100 -> 0
